date,time,ID,trial,timepoint,bin,tank,treatment,diameter,consumed,pycno,notes,bucket
2020-09-13,11:20:00,1_17,1,0,17,A,empty,72,0,no,NA,empty
2020-09-13,11:20:00,1_2,1,0,2,A,empty,65,0,no,NA,empty
2020-09-13,11:20:00,1_3,1,0,3,A,empty,68,0,no,NA,empty
2020-09-13,11:20:00,1_4,1,0,4,A,empty,76,0,no,NA,empty
2020-09-13,11:20:00,1_10,1,0,10,A,empty,76,0,no,NA,empty
2020-09-13,11:20:00,1_12,1,0,12,B,empty,75,0,no,NA,empty
2020-09-13,11:20:00,1_15,1,0,15,B,empty,74,0,no,NA,empty
2020-09-13,11:20:00,1_16,1,0,16,B,empty,71,0,no,NA,empty
2020-09-13,11:20:00,1_13,1,0,13,B,empty,66,0,no,NA,empty
2020-09-13,11:20:00,1_14,1,0,14,B,empty,69,0,no,NA,empty
2020-09-13,11:20:00,1_1,1,0,1,C,pycno,75,0,yes,NA,pycno
2020-09-13,11:20:00,1_5,1,0,5,C,pycno,68,0,yes,NA,pycno
2020-09-13,11:20:00,1_7,1,0,7,C,pycno,65,0,yes,NA,pycno
2020-09-13,11:20:00,1_6,1,0,6,C,pycno,78,0,yes,NA,pycno
2020-09-13,11:20:00,1_18,1,0,18,C,pycno,61,0,yes,NA,pycno
2020-09-13,14:00:00,1_10,1,1,10,A,empty,76,0.4,no,NA,empty
2020-09-13,14:00:00,1_4,1,1,4,A,empty,76,0,no,"escaped at 1345, returned to bin",empty
2020-09-13,14:00:00,1_3,1,1,3,A,empty,68,0,no,NA,empty
2020-09-13,14:00:00,1_2,1,1,2,A,empty,65,0.8,no,NA,empty
2020-09-13,14:00:00,1_17,1,1,17,A,empty,72,0,no,NA,empty
2020-09-13,14:00:00,1_14,1,1,14,B,empty,69,2,no,NA,empty
2020-09-13,14:00:00,1_13,1,1,13,B,empty,66,0.1,no,NA,empty
2020-09-13,14:00:00,1_16,1,1,16,B,empty,71,0.3,no,NA,empty
2020-09-13,14:00:00,1_15,1,1,15,B,empty,74,2,no,NA,empty
2020-09-13,14:00:00,1_12,1,1,12,B,empty,75,2.2,no,NA,empty
2020-09-13,14:00:00,1_1,1,1,1,C,pycno,75,0.2,yes,NA,pycno
2020-09-13,14:00:00,1_5,1,1,5,C,pycno,68,0,yes,NA,pycno
2020-09-13,14:00:00,1_7,1,1,7,C,pycno,65,0,yes,NA,pycno
2020-09-13,14:00:00,1_6,1,1,6,C,pycno,78,0,yes,NA,pycno
2020-09-13,14:00:00,1_18,1,1,18,C,pycno,61,0,yes,NA,pycno
2020-09-13,20:00:00,1_10,1,2,10,A,empty,76,2.1,no,NA,empty
2020-09-13,20:00:00,1_4,1,2,4,A,empty,76,0,no,NA,empty
2020-09-13,20:00:00,1_3,1,2,3,A,empty,68,0.4,no,NA,empty
2020-09-13,20:00:00,1_2,1,2,2,A,empty,65,1.7,no,NA,empty
2020-09-13,20:00:00,1_17,1,2,17,A,empty,72,0,no,NA,empty
2020-09-13,20:00:00,1_14,1,2,14,B,empty,69,3.4,no,NA,empty
2020-09-13,20:00:00,1_13,1,2,13,B,empty,66,0,no,NA,empty
2020-09-13,20:00:00,1_16,1,2,16,B,empty,71,0.1,no,NA,empty
2020-09-13,20:00:00,1_15,1,2,15,B,empty,74,3,no,NA,empty
2020-09-13,20:00:00,1_12,1,2,12,B,empty,75,3.3,no,NA,empty
2020-09-13,20:00:00,1_1,1,2,1,C,pycno,75,0.1,yes,NA,pycno
2020-09-13,20:00:00,1_5,1,2,5,C,pycno,68,0,yes,NA,pycno
2020-09-13,20:00:00,1_7,1,2,7,C,pycno,65,0,yes,NA,pycno
2020-09-13,20:00:00,1_6,1,2,6,C,pycno,78,1,yes,NA,pycno
2020-09-13,20:00:00,1_18,1,2,18,C,pycno,61,0,yes,NA,pycno
2020-09-14,07:50:00,1_10,1,3,10,A,empty,76,1.1,no,NA,empty
2020-09-14,07:50:00,1_4,1,3,4,A,empty,76,0,no,"escaped, returned to bin",empty
2020-09-14,07:50:00,1_3,1,3,3,A,empty,68,2.8,no,NA,empty
2020-09-14,07:50:00,1_2,1,3,2,A,empty,65,0.1,no,"escaped, returned to bin",empty
2020-09-14,07:50:00,1_17,1,3,17,A,empty,72,0,no,NA,empty
2020-09-14,07:50:00,1_14,1,3,14,B,empty,69,5,no,NA,empty
2020-09-14,07:50:00,1_13,1,3,13,B,empty,66,4.2,no,NA,empty
2020-09-14,07:50:00,1_16,1,3,16,B,empty,71,0.3,no,"escaped, returned to bin",empty
2020-09-14,07:50:00,1_15,1,3,15,B,empty,74,3.5,no,was in the process of escaping,empty
2020-09-14,07:50:00,1_12,1,3,12,B,empty,75,2.5,no,NA,empty
2020-09-14,07:50:00,1_1,1,3,1,C,pycno,75,0.1,yes,NA,pycno
2020-09-14,07:50:00,1_5,1,3,5,C,pycno,68,0,yes,NA,pycno
2020-09-14,07:50:00,1_7,1,3,7,C,pycno,65,0,yes,NA,pycno
2020-09-14,07:50:00,1_6,1,3,6,C,pycno,78,2.9,yes,NA,pycno
2020-09-14,07:50:00,1_18,1,3,18,C,pycno,61,0,yes,NA,pycno
2020-09-14,14:00:00,1_10,1,4,10,A,empty,76,1.1,no,NA,empty
2020-09-14,14:00:00,1_4,1,4,4,A,empty,76,4.4,no,NA,empty
2020-09-14,14:00:00,1_3,1,4,3,A,empty,68,2.5,no,NA,empty
2020-09-14,14:00:00,1_2,1,4,2,A,empty,65,0,no,NA,empty
2020-09-14,14:00:00,1_17,1,4,17,A,empty,72,0,no,NA,empty
2020-09-14,14:00:00,1_14,1,4,14,B,empty,69,1.9,no,NA,empty
2020-09-14,14:00:00,1_13,1,4,13,B,empty,66,1.5,no,NA,empty
2020-09-14,14:00:00,1_16,1,4,16,B,empty,71,0.1,no,NA,empty
2020-09-14,14:00:00,1_15,1,4,15,B,empty,74,0.9,no,NA,empty
2020-09-14,14:00:00,1_12,1,4,12,B,empty,75,2.9,no,NA,empty
2020-09-14,14:00:00,1_1,1,4,1,C,pycno,75,0,yes,NA,pycno
2020-09-14,14:00:00,1_5,1,4,5,C,pycno,68,0,yes,NA,pycno
2020-09-14,14:00:00,1_7,1,4,7,C,pycno,65,0,yes,NA,pycno
2020-09-14,14:00:00,1_6,1,4,6,C,pycno,78,2.3,yes,NA,pycno
2020-09-14,14:00:00,1_18,1,4,18,C,pycno,61,0,yes,NA,pycno
2020-09-14,19:45:00,1_10,1,5,10,A,empty,76,5.3,no,NA,empty
2020-09-14,19:45:00,1_4,1,5,4,A,empty,76,3.5,no,NA,empty
2020-09-14,19:45:00,1_3,1,5,3,A,empty,68,4.1,no,NA,empty
2020-09-14,19:45:00,1_2,1,5,2,A,empty,65,0.3,no,NA,empty
2020-09-14,19:45:00,1_17,1,5,17,A,empty,72,1.5,no,NA,empty
2020-09-14,19:45:00,1_14,1,5,14,B,empty,69,3.7,no,NA,empty
2020-09-14,19:45:00,1_13,1,5,13,B,empty,66,4.6,no,NA,empty
2020-09-14,19:45:00,1_16,1,5,16,B,empty,71,0,no,"visual measurement error gave negative number, changed to 0",empty
2020-09-14,19:45:00,1_15,1,5,15,B,empty,74,4.7,no,NA,empty
2020-09-14,19:45:00,1_12,1,5,12,B,empty,75,0.7,no,NA,empty
2020-09-14,19:45:00,1_1,1,5,1,C,pycno,75,2.6,yes,NA,pycno
2020-09-14,19:45:00,1_5,1,5,5,C,pycno,68,0,yes,NA,pycno
2020-09-14,19:45:00,1_7,1,5,7,C,pycno,65,0,yes,NA,pycno
2020-09-14,19:45:00,1_6,1,5,6,C,pycno,78,4.9,yes,NA,pycno
2020-09-14,19:45:00,1_18,1,5,18,C,pycno,61,0.6,yes,NA,pycno
2020-09-15,07:40:00,1_10,1,6,10,A,empty,76,0.8,no,NA,empty
2020-09-15,07:40:00,1_4,1,6,4,A,empty,76,6.9,no,NA,empty
2020-09-15,07:40:00,1_3,1,6,3,A,empty,68,3.4,no,NA,empty
2020-09-15,07:40:00,1_2,1,6,2,A,empty,65,0,no,NA,empty
2020-09-15,07:40:00,1_17,1,6,17,A,empty,72,0.3,no,NA,empty
2020-09-15,07:40:00,1_14,1,6,14,B,empty,69,2,no,NA,empty
2020-09-15,07:40:00,1_13,1,6,13,B,empty,66,3.4,no,NA,empty
2020-09-15,07:40:00,1_16,1,6,16,B,empty,71,0,no,NA,empty
2020-09-15,07:40:00,1_15,1,6,15,B,empty,74,1,no,NA,empty
2020-09-15,07:40:00,1_12,1,6,12,B,empty,75,12.7,no,NA,empty
2020-09-15,07:40:00,1_1,1,6,1,C,pycno,75,4.4,yes,NA,pycno
2020-09-15,07:40:00,1_5,1,6,5,C,pycno,68,2.8,yes,NA,pycno
2020-09-15,07:40:00,1_7,1,6,7,C,pycno,65,0,yes,NA,pycno
2020-09-15,07:40:00,1_6,1,6,6,C,pycno,78,1,yes,NA,pycno
2020-09-15,07:40:00,1_18,1,6,18,C,pycno,61,0.2,yes,NA,pycno
2020-09-15,11:40:00,1_10,1,7,10,A,empty,76,1.3,no,NA,empty
2020-09-15,11:40:00,1_4,1,7,4,A,empty,76,1.4,no,NA,empty
2020-09-15,11:40:00,1_3,1,7,3,A,empty,68,0.1,no,NA,empty
2020-09-15,11:40:00,1_2,1,7,2,A,empty,65,0,no,"visual measurement error gave negative number, changed to 0",empty
2020-09-15,11:40:00,1_17,1,7,17,A,empty,72,1.3,no,NA,empty
2020-09-15,11:40:00,1_14,1,7,14,B,empty,69,3.1,no,NA,empty
2020-09-15,11:40:00,1_13,1,7,13,B,empty,66,3,no,NA,empty
2020-09-15,11:40:00,1_16,1,7,16,B,empty,71,0,no,NA,empty
2020-09-15,11:40:00,1_15,1,7,15,B,empty,74,0,no,"visual measurement error gave negative number, changed to 0",empty
2020-09-15,11:40:00,1_12,1,7,12,B,empty,75,3.1,no,NA,empty
2020-09-15,11:40:00,1_1,1,7,1,C,pycno,75,1.4,yes,NA,pycno
2020-09-15,11:40:00,1_5,1,7,5,C,pycno,68,1.4,yes,NA,pycno
2020-09-15,11:40:00,1_7,1,7,7,C,pycno,65,0,yes,NA,pycno
2020-09-15,11:40:00,1_6,1,7,6,C,pycno,78,0,yes,NA,pycno
2020-09-15,11:40:00,1_18,1,7,18,C,pycno,61,0.2,yes,NA,pycno
2020-09-17,10:45:00,2_14,2,0,14,D,pycno,76,0,yes,NA,pycno
2020-09-17,10:45:00,2_16,2,0,16,D,pycno,69,0,yes,NA,pycno
2020-09-17,10:45:00,2_10,2,0,10,D,pycno,62,0,yes,NA,pycno
2020-09-17,10:45:00,2_9,2,0,9,D,pycno,72,0,yes,NA,pycno
2020-09-17,10:45:00,2_11,2,0,11,D,pycno,63,0,yes,NA,pycno
2020-09-17,10:45:00,2_17,2,0,17,D,pycno,71,0,yes,NA,pycno
2020-09-17,10:45:00,2_12,2,0,12,D,pycno,71,0,yes,NA,pycno
2020-09-17,10:45:00,2_7,2,0,7,E,empty,68,0,no,NA,empty
2020-09-17,10:45:00,2_5,2,0,5,E,empty,63,0,no,NA,empty
2020-09-17,10:45:00,2_13,2,0,13,E,empty,72,0,no,NA,empty
2020-09-17,10:45:00,2_2,2,0,2,E,empty,79,0,no,NA,empty
2020-09-17,10:45:00,2_1,2,0,1,E,empty,67,0,no,NA,empty
2020-09-17,10:45:00,2_15,2,0,15,E,empty,72,0,no,NA,empty
2020-09-17,10:45:00,2_3,2,0,3,E,empty,77,0,no,NA,empty
2020-09-17,13:45:00,2_7,2,1,7,E,empty,68,0,no,NA,empty
2020-09-17,13:45:00,2_5,2,1,5,E,empty,63,0.9,no,NA,empty
2020-09-17,13:45:00,2_13,2,1,13,E,empty,72,0,no,NA,empty
2020-09-17,13:45:00,2_2,2,1,2,E,empty,79,5.5,no,NA,empty
2020-09-17,13:45:00,2_1,2,1,1,E,empty,67,0.4,no,NA,empty
2020-09-17,13:45:00,2_15,2,1,15,E,empty,72,0,no,NA,empty
2020-09-17,13:45:00,2_3,2,1,3,E,empty,77,0.2,no,NA,empty
2020-09-17,13:45:00,2_14,2,1,14,D,pycno,76,0,yes,NA,pycno
2020-09-17,13:45:00,2_16,2,1,16,D,pycno,69,0,yes,NA,pycno
2020-09-17,13:45:00,2_10,2,1,10,D,pycno,62,0,yes,NA,pycno
2020-09-17,13:45:00,2_9,2,1,9,D,pycno,72,0,yes,NA,pycno
2020-09-17,13:45:00,2_11,2,1,11,D,pycno,63,0,yes,NA,pycno
2020-09-17,13:45:00,2_17,2,1,17,D,pycno,71,0.4,yes,NA,pycno
2020-09-17,13:45:00,2_12,2,1,12,D,pycno,71,0,yes,NA,pycno
2020-09-17,19:55:00,2_7,2,2,7,E,empty,68,0,no,NA,empty
2020-09-17,19:55:00,2_5,2,2,5,E,empty,63,1,no,NA,empty
2020-09-17,19:55:00,2_13,2,2,13,E,empty,72,0,no,NA,empty
2020-09-17,19:55:00,2_2,2,2,2,E,empty,79,8.5,no,NA,empty
2020-09-17,19:55:00,2_1,2,2,1,E,empty,67,0.9,no,NA,empty
2020-09-17,19:55:00,2_15,2,2,15,E,empty,72,0,no,NA,empty
2020-09-17,19:55:00,2_3,2,2,3,E,empty,77,1.3,no,"bin broke while taking out, transfered urchin to bin 6",empty
2020-09-17,19:55:00,2_14,2,2,14,D,pycno,76,0.2,yes,NA,pycno
2020-09-17,19:55:00,2_16,2,2,16,D,pycno,69,0,yes,NA,pycno
2020-09-17,19:55:00,2_10,2,2,10,D,pycno,62,0,yes,NA,pycno
2020-09-17,19:55:00,2_9,2,2,9,D,pycno,72,0,yes,NA,pycno
2020-09-17,19:55:00,2_11,2,2,11,D,pycno,63,0.6,yes,NA,pycno
2020-09-17,19:55:00,2_17,2,2,17,D,pycno,71,0.8,yes,NA,pycno
2020-09-17,19:55:00,2_12,2,2,12,D,pycno,71,0,yes,NA,pycno
2020-09-18,07:45:00,2_7,2,3,7,E,empty,68,0,no,NA,empty
2020-09-18,07:45:00,2_5,2,3,5,E,empty,63,0.4,no,urchin had escaped,empty
2020-09-18,07:45:00,2_13,2,3,13,E,empty,72,0,no,NA,empty
2020-09-18,07:45:00,2_2,2,3,2,E,empty,79,10,no,NA,empty
2020-09-18,07:45:00,2_1,2,3,1,E,empty,67,0.9,no,NA,empty
2020-09-18,07:45:00,2_15,2,3,15,E,empty,72,2.3,no,NA,empty
2020-09-18,07:45:00,2_3,2,3,3,E,empty,77,5,no,"now bucket 6, kept as 3 in bin column for analysis",empty
2020-09-18,07:45:00,2_14,2,3,14,D,pycno,76,1.8,yes,NA,pycno
2020-09-18,07:45:00,2_16,2,3,16,D,pycno,69,0,yes,NA,pycno
2020-09-18,07:45:00,2_10,2,3,10,D,pycno,62,0.2,yes,NA,pycno
2020-09-18,07:45:00,2_9,2,3,9,D,pycno,72,0,yes,NA,pycno
2020-09-18,07:45:00,2_11,2,3,11,D,pycno,63,7.3,yes,NA,pycno
2020-09-18,07:45:00,2_17,2,3,17,D,pycno,71,1,yes,NA,pycno
2020-09-18,07:45:00,2_12,2,3,12,D,pycno,71,0,yes,NA,pycno
2020-09-18,13:55:00,2_7,2,4,7,E,empty,68,2,no,NA,empty
2020-09-18,13:55:00,2_5,2,4,5,E,empty,63,2,no,NA,empty
2020-09-18,13:55:00,2_13,2,4,13,E,empty,72,0,no,urchin had escaped,empty
2020-09-18,13:55:00,2_2,2,4,2,E,empty,79,5.2,no,NA,empty
2020-09-18,13:55:00,2_1,2,4,1,E,empty,67,3.1,no,NA,empty
2020-09-18,13:55:00,2_15,2,4,15,E,empty,72,0.9,no,NA,empty
2020-09-18,13:55:00,2_3,2,4,3,E,empty,77,4.9,no,NA,empty
2020-09-18,13:55:00,2_14,2,4,14,D,pycno,76,3.1,yes,NA,pycno
2020-09-18,13:55:00,2_16,2,4,16,D,pycno,69,0,yes,NA,pycno
2020-09-18,13:55:00,2_10,2,4,10,D,pycno,62,0.1,yes,NA,pycno
2020-09-18,13:55:00,2_9,2,4,9,D,pycno,72,1.3,yes,NA,pycno
2020-09-18,13:55:00,2_11,2,4,11,D,pycno,63,5.9,yes,NA,pycno
2020-09-18,13:55:00,2_17,2,4,17,D,pycno,71,1.3,yes,NA,pycno
2020-09-18,13:55:00,2_12,2,4,12,D,pycno,71,0,yes,NA,pycno
2020-09-18,19:55:00,2_7,2,5,7,E,empty,68,0.3,no,NA,empty
2020-09-18,19:55:00,2_5,2,5,5,E,empty,63,2.3,no,NA,empty
2020-09-18,19:55:00,2_13,2,5,13,E,empty,72,0,no,NA,empty
2020-09-18,19:55:00,2_2,2,5,2,E,empty,79,7.6,no,NA,empty
2020-09-18,19:55:00,2_1,2,5,1,E,empty,67,3.3,no,NA,empty
2020-09-18,19:55:00,2_15,2,5,15,E,empty,72,0.6,no,NA,empty
2020-09-18,19:55:00,2_3,2,5,3,E,empty,77,4.9,no,NA,empty
2020-09-18,19:55:00,2_14,2,5,14,D,pycno,76,4.7,yes,NA,pycno
2020-09-18,19:55:00,2_16,2,5,16,D,pycno,69,0,yes,NA,pycno
2020-09-18,19:55:00,2_10,2,5,10,D,pycno,62,1.9,yes,NA,pycno
2020-09-18,19:55:00,2_9,2,5,9,D,pycno,72,1.2,yes,NA,pycno
2020-09-18,19:55:00,2_11,2,5,11,D,pycno,63,0.7,yes,NA,pycno
2020-09-18,19:55:00,2_17,2,5,17,D,pycno,71,5.1,yes,NA,pycno
2020-09-18,19:55:00,2_12,2,5,12,D,pycno,71,3.2,yes,NA,pycno
2020-09-19,07:45:00,2_7,2,6,7,E,empty,68,1.8,no,NA,empty
2020-09-19,07:45:00,2_5,2,6,5,E,empty,63,0,no,NA,empty
2020-09-19,07:45:00,2_13,2,6,13,E,empty,72,0.4,no,NA,empty
2020-09-19,07:45:00,2_2,2,6,2,E,empty,79,8.5,no,NA,empty
2020-09-19,07:45:00,2_1,2,6,1,E,empty,67,0.1,no,NA,empty
2020-09-19,07:45:00,2_15,2,6,15,E,empty,72,3.6,no,NA,empty
2020-09-19,07:45:00,2_3,2,6,3,E,empty,77,4.5,no,NA,empty
2020-09-19,07:45:00,2_14,2,6,14,D,pycno,76,1.3,yes,NA,pycno
2020-09-19,07:45:00,2_16,2,6,16,D,pycno,69,0,yes,NA,pycno
2020-09-19,07:45:00,2_10,2,6,10,D,pycno,62,4.2,yes,NA,pycno
2020-09-19,07:45:00,2_9,2,6,9,D,pycno,72,1.7,yes,NA,pycno
2020-09-19,07:45:00,2_11,2,6,11,D,pycno,63,1.7,yes,NA,pycno
2020-09-19,07:45:00,2_17,2,6,17,D,pycno,71,1.6,yes,urchin had escaped,pycno
2020-09-19,07:45:00,2_12,2,6,12,D,pycno,71,1.8,yes,NA,pycno
2020-09-19,13:55:00,2_7,2,7,7,E,empty,68,0.8,no,NA,empty
2020-09-19,13:55:00,2_5,2,7,5,E,empty,63,1.4,no,NA,empty
2020-09-19,13:55:00,2_13,2,7,13,E,empty,72,0.5,no,NA,empty
2020-09-19,13:55:00,2_2,2,7,2,E,empty,79,4.2,no,NA,empty
2020-09-19,13:55:00,2_1,2,7,1,E,empty,67,2.2,no,NA,empty
2020-09-19,13:55:00,2_15,2,7,15,E,empty,72,0.5,no,NA,empty
2020-09-19,13:55:00,2_3,2,7,3,E,empty,77,6.2,no,NA,empty
2020-09-19,13:55:00,2_14,2,7,14,D,pycno,76,1.1,yes,NA,pycno
2020-09-19,13:55:00,2_16,2,7,16,D,pycno,69,1,yes,NA,pycno
2020-09-19,13:55:00,2_10,2,7,10,D,pycno,62,1.4,yes,NA,pycno
2020-09-19,13:55:00,2_9,2,7,9,D,pycno,72,0.1,yes,NA,pycno
2020-09-19,13:55:00,2_11,2,7,11,D,pycno,63,3.4,yes,NA,pycno
2020-09-19,13:55:00,2_17,2,7,17,D,pycno,71,2.6,yes,NA,pycno
2020-09-19,13:55:00,2_12,2,7,12,D,pycno,71,4.4,yes,NA,pycno
2020-09-19,19:50:00,2_7,2,8,7,E,empty,68,0.1,no,NA,empty
2020-09-19,19:50:00,2_5,2,8,5,E,empty,63,1.3,no,NA,empty
2020-09-19,19:50:00,2_13,2,8,13,E,empty,72,0,no,NA,empty
2020-09-19,19:50:00,2_2,2,8,2,E,empty,79,6.7,no,NA,empty
2020-09-19,19:50:00,2_1,2,8,1,E,empty,67,7.6,no,NA,empty
2020-09-19,19:50:00,2_15,2,8,15,E,empty,72,2.8,no,NA,empty
2020-09-19,19:50:00,2_3,2,8,3,E,empty,77,6.3,no,NA,empty
2020-09-19,19:50:00,2_14,2,8,14,D,pycno,76,3.3,yes,NA,pycno
2020-09-19,19:50:00,2_16,2,8,16,D,pycno,69,1.4,yes,NA,pycno
2020-09-19,19:50:00,2_10,2,8,10,D,pycno,62,3.4,yes,NA,pycno
2020-09-19,19:50:00,2_9,2,8,9,D,pycno,72,0.9,yes,NA,pycno
2020-09-19,19:50:00,2_11,2,8,11,D,pycno,63,3.6,yes,NA,pycno
2020-09-19,19:50:00,2_17,2,8,17,D,pycno,71,2.4,yes,0.5 piece of kelp may have come out when bin returned to tank,pycno
2020-09-19,19:50:00,2_12,2,8,12,D,pycno,71,0.3,yes,NA,pycno
2020-09-20,07:50:00,2_7,2,9,7,E,empty,68,0.7,no,NA,empty
2020-09-20,07:50:00,2_5,2,9,5,E,empty,63,2.9,no,NA,empty
2020-09-20,07:50:00,2_13,2,9,13,E,empty,72,0.8,no,NA,empty
2020-09-20,07:50:00,2_2,2,9,2,E,empty,79,15.5,no,NA,empty
2020-09-20,07:50:00,2_1,2,9,1,E,empty,67,4.5,no,NA,empty
2020-09-20,07:50:00,2_15,2,9,15,E,empty,72,7.5,no,NA,empty
2020-09-20,07:50:00,2_3,2,9,3,E,empty,77,5.5,no,NA,empty
2020-09-20,07:50:00,2_14,2,9,14,D,pycno,76,4.3,yes,NA,pycno
2020-09-20,07:50:00,2_16,2,9,16,D,pycno,69,1.8,yes,NA,pycno
2020-09-20,07:50:00,2_10,2,9,10,D,pycno,62,4.1,yes,NA,pycno
2020-09-20,07:50:00,2_9,2,9,9,D,pycno,72,3.7,yes,NA,pycno
2020-09-20,07:50:00,2_11,2,9,11,D,pycno,63,5.6,yes,NA,pycno
2020-09-20,07:50:00,2_17,2,9,17,D,pycno,71,3.5,yes,NA,pycno
2020-09-20,07:50:00,2_12,2,9,12,D,pycno,71,1.9,yes,NA,pycno
2020-09-21,10:35:00,3_5,3,0,5,D,empty,53,0,no,NA,empty
2020-09-21,10:35:00,3_7,3,0,7,D,empty,63,0,no,NA,empty
2020-09-21,10:35:00,3_1,3,0,1,D,empty,63,0,no,NA,empty
2020-09-21,10:35:00,3_14,3,0,14,D,empty,62,0,no,NA,empty
2020-09-21,10:35:00,3_16,3,0,16,D,empty,64,0,no,NA,empty
2020-09-21,10:35:00,3_6,3,0,6,D,empty,65,0,no,NA,empty
2020-09-21,10:35:00,3_10,3,0,10,D,empty,61,0,no,NA,empty
2020-09-21,10:35:00,3_15,3,0,15,E,pycno,75,0,yes,NA,pycno
2020-09-21,10:35:00,3_2,3,0,2,E,pycno,65,0,yes,NA,pycno
2020-09-21,10:35:00,3_17,3,0,17,E,pycno,74,0,yes,NA,pycno
2020-09-21,10:35:00,3_4,3,0,4,E,pycno,71,0,yes,NA,pycno
2020-09-21,10:35:00,3_12,3,0,12,E,pycno,90,0,yes,NA,pycno
2020-09-21,10:35:00,3_11,3,0,11,E,pycno,55,0,yes,NA,pycno
2020-09-21,10:35:00,3_9,3,0,9,E,pycno,42,0,yes,NA,pycno
2020-09-21,13:50:00,3_5,3,1,5,D,empty,53,0.5,no,NA,empty
2020-09-21,13:50:00,3_7,3,1,7,D,empty,63,0,no,NA,empty
2020-09-21,13:50:00,3_1,3,1,1,D,empty,63,3.4,no,NA,empty
2020-09-21,13:50:00,3_14,3,1,14,D,empty,62,2.5,no,NA,empty
2020-09-21,13:50:00,3_16,3,1,16,D,empty,64,1,no,NA,empty
2020-09-21,13:50:00,3_6,3,1,6,D,empty,65,0,no,NA,empty
2020-09-21,13:50:00,3_10,3,1,10,D,empty,61,2.9,no,NA,empty
2020-09-21,13:50:00,3_15,3,1,15,E,pycno,75,0,yes,NA,pycno
2020-09-21,13:50:00,3_2,3,1,2,E,pycno,65,0,yes,NA,pycno
2020-09-21,13:50:00,3_17,3,1,17,E,pycno,74,0.3,yes,NA,pycno
2020-09-21,13:50:00,3_4,3,1,4,E,pycno,71,0.7,yes,NA,pycno
2020-09-21,13:50:00,3_12,3,1,12,E,pycno,90,0,yes,NA,pycno
2020-09-21,13:50:00,3_11,3,1,11,E,pycno,55,0,yes,NA,pycno
2020-09-21,13:50:00,3_9,3,1,9,E,pycno,42,0,yes,NA,pycno
2020-09-21,19:55:00,3_5,3,2,5,D,empty,53,0,no,NA,empty
2020-09-21,19:55:00,3_7,3,2,7,D,empty,63,1,no,NA,empty
2020-09-21,19:55:00,3_1,3,2,1,D,empty,63,3,no,NA,empty
2020-09-21,19:55:00,3_14,3,2,14,D,empty,62,1.3,no,NA,empty
2020-09-21,19:55:00,3_16,3,2,16,D,empty,64,0.3,no,NA,empty
2020-09-21,19:55:00,3_6,3,2,6,D,empty,65,0,no,NA,empty
2020-09-21,19:55:00,3_10,3,2,10,D,empty,61,0,no,NA,empty
2020-09-21,19:55:00,3_15,3,2,15,E,pycno,75,0,yes,NA,pycno
2020-09-21,19:55:00,3_2,3,2,2,E,pycno,65,0,yes,NA,pycno
2020-09-21,19:55:00,3_17,3,2,17,E,pycno,74,0,yes,NA,pycno
2020-09-21,19:55:00,3_4,3,2,4,E,pycno,71,0,yes,"visual measurement error gave negative number, changed to 0",pycno
2020-09-21,19:55:00,3_12,3,2,12,E,pycno,90,0,yes,NA,pycno
2020-09-21,19:55:00,3_11,3,2,11,E,pycno,55,0.4,yes,NA,pycno
2020-09-21,19:55:00,3_9,3,2,9,E,pycno,42,0.2,yes,NA,pycno
2020-09-22,07:55:00,3_5,3,3,5,D,empty,53,0,no,NA,empty
2020-09-22,07:55:00,3_7,3,3,7,D,empty,63,0,no,NA,empty
2020-09-22,07:55:00,3_1,3,3,1,D,empty,63,1.2,no,NA,empty
2020-09-22,07:55:00,3_14,3,3,14,D,empty,62,2,no,NA,empty
2020-09-22,07:55:00,3_16,3,3,16,D,empty,64,1,no,NA,empty
2020-09-22,07:55:00,3_6,3,3,6,D,empty,65,0,no,NA,empty
2020-09-22,07:55:00,3_10,3,3,10,D,empty,61,0.1,no,NA,empty
2020-09-22,07:55:00,3_15,3,3,15,E,pycno,75,0,yes,urchin had escaped,pycno
2020-09-22,07:55:00,3_2,3,3,2,E,pycno,65,0,yes,NA,pycno
2020-09-22,07:55:00,3_17,3,3,17,E,pycno,74,0.2,yes,NA,pycno
2020-09-22,07:55:00,3_4,3,3,4,E,pycno,71,0,yes,NA,pycno
2020-09-22,07:55:00,3_12,3,3,12,E,pycno,90,1.8,yes,NA,pycno
2020-09-22,07:55:00,3_11,3,3,11,E,pycno,55,0.5,yes,NA,pycno
2020-09-22,07:55:00,3_9,3,3,9,E,pycno,42,1.4,yes,NA,pycno
2020-09-22,13:50:00,3_5,3,4,5,D,empty,53,0.2,no,NA,empty
2020-09-22,13:50:00,3_7,3,4,7,D,empty,63,0,no,NA,empty
2020-09-22,13:50:00,3_1,3,4,1,D,empty,63,5.2,no,NA,empty
2020-09-22,13:50:00,3_14,3,4,14,D,empty,62,6.4,no,NA,empty
2020-09-22,13:50:00,3_16,3,4,16,D,empty,64,0,no,NA,empty
2020-09-22,13:50:00,3_6,3,4,6,D,empty,65,0.2,no,NA,empty
2020-09-22,13:50:00,3_10,3,4,10,D,empty,61,0,no,NA,empty
2020-09-22,13:50:00,3_15,3,4,15,E,pycno,75,0,yes,NA,pycno
2020-09-22,13:50:00,3_2,3,4,2,E,pycno,65,0,yes,NA,pycno
2020-09-22,13:50:00,3_17,3,4,17,E,pycno,74,0.3,yes,NA,pycno
2020-09-22,13:50:00,3_4,3,4,4,E,pycno,71,0,yes,NA,pycno
2020-09-22,13:50:00,3_12,3,4,12,E,pycno,90,0,yes,NA,pycno
2020-09-22,13:50:00,3_11,3,4,11,E,pycno,55,1.8,yes,NA,pycno
2020-09-22,13:50:00,3_9,3,4,9,E,pycno,42,0.8,yes,NA,pycno
2020-09-22,19:50:00,3_5,3,5,5,D,empty,53,0,no,urchin had escaped,empty
2020-09-22,19:50:00,3_7,3,5,7,D,empty,63,0,no,NA,empty
2020-09-22,19:50:00,3_1,3,5,1,D,empty,63,3.7,no,NA,empty
2020-09-22,19:50:00,3_14,3,5,14,D,empty,62,2.3,no,NA,empty
2020-09-22,19:50:00,3_16,3,5,16,D,empty,64,0.6,no,NA,empty
2020-09-22,19:50:00,3_6,3,5,6,D,empty,65,0,no,NA,empty
2020-09-22,19:50:00,3_10,3,5,10,D,empty,61,0,no,NA,empty
2020-09-22,19:50:00,3_15,3,5,15,E,pycno,75,0,yes,NA,pycno
2020-09-22,19:50:00,3_2,3,5,2,E,pycno,65,0,yes,NA,pycno
2020-09-22,19:50:00,3_17,3,5,17,E,pycno,74,3.1,yes,NA,pycno
2020-09-22,19:50:00,3_4,3,5,4,E,pycno,71,0,yes,NA,pycno
2020-09-22,19:50:00,3_12,3,5,12,E,pycno,90,1.3,yes,NA,pycno
2020-09-22,19:50:00,3_11,3,5,11,E,pycno,55,2.1,yes,NA,pycno
2020-09-22,19:50:00,3_9,3,5,9,E,pycno,42,2.7,yes,NA,pycno
2020-09-23,07:55:00,3_5,3,6,5,D,empty,53,0,no,"visual measurement error gave negative number, changed to 0",empty
2020-09-23,07:55:00,3_7,3,6,7,D,empty,63,0.7,no,NA,empty
2020-09-23,07:55:00,3_1,3,6,1,D,empty,63,2.5,no,NA,empty
2020-09-23,07:55:00,3_14,3,6,14,D,empty,62,3.2,no,NA,empty
2020-09-23,07:55:00,3_16,3,6,16,D,empty,64,3.3,no,NA,empty
2020-09-23,07:55:00,3_6,3,6,6,D,empty,65,1.2,no,NA,empty
2020-09-23,07:55:00,3_10,3,6,10,D,empty,61,0,no,NA,empty
2020-09-23,07:55:00,3_15,3,6,15,E,pycno,75,0.9,yes,urchin had escaped,pycno
2020-09-23,07:55:00,3_2,3,6,2,E,pycno,65,0,yes,NA,pycno
2020-09-23,07:55:00,3_17,3,6,17,E,pycno,74,2.4,yes,NA,pycno
2020-09-23,07:55:00,3_4,3,6,4,E,pycno,71,0,yes,NA,pycno
2020-09-23,07:55:00,3_12,3,6,12,E,pycno,90,2.9,yes,NA,pycno
2020-09-23,07:55:00,3_11,3,6,11,E,pycno,55,5.5,yes,NA,pycno
2020-09-23,07:55:00,3_9,3,6,9,E,pycno,42,1.3,yes,NA,pycno
2020-09-23,13:50:00,3_5,3,7,5,D,empty,53,0.3,no,NA,empty
2020-09-23,13:50:00,3_7,3,7,7,D,empty,63,0,no,NA,empty
2020-09-23,13:50:00,3_1,3,7,1,D,empty,63,7.4,no,NA,empty
2020-09-23,13:50:00,3_14,3,7,14,D,empty,62,7.3,no,NA,empty
2020-09-23,13:50:00,3_16,3,7,16,D,empty,64,0.1,no,NA,empty
2020-09-23,13:50:00,3_6,3,7,6,D,empty,65,2.4,no,NA,empty
2020-09-23,13:50:00,3_10,3,7,10,D,empty,61,0,no,NA,empty
2020-09-23,13:50:00,3_15,3,7,15,E,pycno,75,0,yes,"urchin in the process of escaping, visual measurement error gave negative number, changed to 0",pycno
2020-09-23,13:50:00,3_2,3,7,2,E,pycno,65,0,yes,NA,pycno
2020-09-23,13:50:00,3_17,3,7,17,E,pycno,74,2.6,yes,NA,pycno
2020-09-23,13:50:00,3_4,3,7,4,E,pycno,71,1.8,yes,NA,pycno
2020-09-23,13:50:00,3_12,3,7,12,E,pycno,90,1.7,yes,NA,pycno
2020-09-23,13:50:00,3_11,3,7,11,E,pycno,55,3.1,yes,NA,pycno
2020-09-23,13:50:00,3_9,3,7,9,E,pycno,42,1.8,yes,NA,pycno
2020-09-23,19:50:00,3_5,3,8,5,D,empty,53,0.7,no,NA,empty
2020-09-23,19:50:00,3_7,3,8,7,D,empty,63,0,no,NA,empty
2020-09-23,19:50:00,3_1,3,8,1,D,empty,63,4.6,no,NA,empty
2020-09-23,19:50:00,3_14,3,8,14,D,empty,62,2.6,no,NA,empty
2020-09-23,19:50:00,3_16,3,8,16,D,empty,64,0,no,"visual measurement error gave negative number, changed to 0",empty
2020-09-23,19:50:00,3_6,3,8,6,D,empty,65,1.9,no,NA,empty
2020-09-23,19:50:00,3_10,3,8,10,D,empty,61,1,no,NA,empty
2020-09-23,19:50:00,3_15,3,8,15,E,pycno,75,0.2,yes,NA,pycno
2020-09-23,19:50:00,3_2,3,8,2,E,pycno,65,1,yes,NA,pycno
2020-09-23,19:50:00,3_17,3,8,17,E,pycno,74,1.7,yes,NA,pycno
2020-09-23,19:50:00,3_4,3,8,4,E,pycno,71,8,yes,NA,pycno
2020-09-23,19:50:00,3_12,3,8,12,E,pycno,90,1.3,yes,NA,pycno
2020-09-23,19:50:00,3_11,3,8,11,E,pycno,55,4.1,yes,NA,pycno
2020-09-23,19:50:00,3_9,3,8,9,E,pycno,42,1.8,yes,NA,pycno
2020-09-24,07:50:00,3_5,3,9,5,D,empty,53,0.7,no,NA,empty
2020-09-24,07:50:00,3_7,3,9,7,D,empty,63,0,no,"visual measurement error gave negative number, changed to 0",empty
2020-09-24,07:50:00,3_1,3,9,1,D,empty,63,2.4,no,NA,empty
2020-09-24,07:50:00,3_14,3,9,14,D,empty,62,5.2,no,NA,empty
2020-09-24,07:50:00,3_16,3,9,16,D,empty,64,3.2,no,NA,empty
2020-09-24,07:50:00,3_6,3,9,6,D,empty,65,1.8,no,NA,empty
2020-09-24,07:50:00,3_10,3,9,10,D,empty,61,1,no,NA,empty
2020-09-24,07:50:00,3_15,3,9,15,E,pycno,75,1.2,yes,NA,pycno
2020-09-24,07:50:00,3_2,3,9,2,E,pycno,65,0.5,yes,NA,pycno
2020-09-24,07:50:00,3_17,3,9,17,E,pycno,74,3.5,yes,NA,pycno
2020-09-24,07:50:00,3_4,3,9,4,E,pycno,71,7.1,yes,NA,pycno
2020-09-24,07:50:00,3_12,3,9,12,E,pycno,90,1,yes,NA,pycno
2020-09-24,07:50:00,3_11,3,9,11,E,pycno,55,5.1,yes,NA,pycno
2020-09-24,07:50:00,3_9,3,9,9,E,pycno,42,0.1,yes,NA,pycno
2020-09-25,11:00:00,4_6,4,0,6,E,empty,67,0,no,NA,empty
2020-09-25,11:00:00,4_14,4,0,14,E,empty,65,0,no,NA,empty
2020-09-25,11:00:00,4_5,4,0,5,E,empty,80,0,no,NA,empty
2020-09-25,11:00:00,4_18,4,0,18,E,empty,85,0,no,NA,empty
2020-09-25,11:00:00,4_4,4,0,4,E,empty,71,0,no,NA,empty
2020-09-25,11:00:00,4_15,4,0,15,E,empty,72,0,no,NA,empty
2020-09-25,11:00:00,4_2,4,0,2,E,empty,74,0,no,NA,empty
2020-09-25,11:00:00,4_7,4,0,7,D,pycno,58,0,yes,NA,pycno
2020-09-25,11:00:00,4_17,4,0,17,D,pycno,71,0,yes,NA,pycno
2020-09-25,11:00:00,4_10,4,0,10,D,pycno,62,0,yes,NA,pycno
2020-09-25,11:00:00,4_1,4,0,1,D,pycno,72,0,yes,NA,pycno
2020-09-25,11:00:00,4_12,4,0,12,D,pycno,76,0,yes,NA,pycno
2020-09-25,11:00:00,4_11,4,0,11,D,pycno,64,0,yes,NA,pycno
2020-09-25,11:00:00,4_16,4,0,16,D,pycno,67,0,yes,NA,pycno
2020-09-25,13:50:00,4_6,4,1,6,E,empty,67,0.3,no,NA,empty
2020-09-25,13:50:00,4_14,4,1,14,E,empty,65,4.5,no,NA,empty
2020-09-25,13:50:00,4_5,4,1,5,E,empty,80,3.9,no,NA,empty
2020-09-25,13:50:00,4_18,4,1,18,E,empty,85,3.5,no,NA,empty
2020-09-25,13:50:00,4_4,4,1,4,E,empty,71,4.5,no,NA,empty
2020-09-25,13:50:00,4_15,4,1,15,E,empty,72,0,no,NA,empty
2020-09-25,13:50:00,4_2,4,1,2,E,empty,74,6,no,NA,empty
2020-09-25,13:50:00,4_7,4,1,7,D,pycno,58,0.6,yes,NA,pycno
2020-09-25,13:50:00,4_17,4,1,17,D,pycno,71,1.3,yes,NA,pycno
2020-09-25,13:50:00,4_10,4,1,10,D,pycno,62,0,yes,NA,pycno
2020-09-25,13:50:00,4_1,4,1,1,D,pycno,72,0.2,yes,NA,pycno
2020-09-25,13:50:00,4_12,4,1,12,D,pycno,76,0,yes,NA,pycno
2020-09-25,13:50:00,4_11,4,1,11,D,pycno,64,0.1,yes,NA,pycno
2020-09-25,13:50:00,4_16,4,1,16,D,pycno,67,0,yes,NA,pycno
2020-09-25,20:00:00,4_6,4,2,6,E,empty,67,0.1,no,NA,empty
2020-09-25,20:00:00,4_14,4,2,14,E,empty,65,6.5,no,NA,empty
2020-09-25,20:00:00,4_5,4,2,5,E,empty,80,3.6,no,NA,empty
2020-09-25,20:00:00,4_18,4,2,18,E,empty,85,4.4,no,NA,empty
2020-09-25,20:00:00,4_4,4,2,4,E,empty,71,6.6,no,NA,empty
2020-09-25,20:00:00,4_15,4,2,15,E,empty,72,0,no,"visual measurement error gave negative number, changed to 0",empty
2020-09-25,20:00:00,4_2,4,2,2,E,empty,74,8.2,no,NA,empty
2020-09-25,20:00:00,4_7,4,2,7,D,pycno,58,2.7,yes,NA,pycno
2020-09-25,20:00:00,4_17,4,2,17,D,pycno,71,2,yes,NA,pycno
2020-09-25,20:00:00,4_10,4,2,10,D,pycno,62,5,yes,NA,pycno
2020-09-25,20:00:00,4_1,4,2,1,D,pycno,72,0,yes,urchin had escaped,pycno
2020-09-25,20:00:00,4_12,4,2,12,D,pycno,76,0,yes,NA,pycno
2020-09-25,20:00:00,4_11,4,2,11,D,pycno,64,0.5,yes,NA,pycno
2020-09-25,20:00:00,4_16,4,2,16,D,pycno,67,3,yes,NA,pycno
2020-09-26,07:50:00,4_6,4,3,6,E,empty,67,0,no,NA,empty
2020-09-26,07:50:00,4_14,4,3,14,E,empty,65,7.6,no,NA,empty
2020-09-26,07:50:00,4_5,4,3,5,E,empty,80,2.8,no,NA,empty
2020-09-26,07:50:00,4_18,4,3,18,E,empty,85,0.3,no,NA,empty
2020-09-26,07:50:00,4_4,4,3,4,E,empty,71,11.6,no,NA,empty
2020-09-26,07:50:00,4_15,4,3,15,E,empty,72,0,no,NA,empty
2020-09-26,07:50:00,4_2,4,3,2,E,empty,74,15.5,no,NA,empty
2020-09-26,07:50:00,4_7,4,3,7,D,pycno,58,2.5,yes,NA,pycno
2020-09-26,07:50:00,4_17,4,3,17,D,pycno,71,2,yes,NA,pycno
2020-09-26,07:50:00,4_10,4,3,10,D,pycno,62,8.1,yes,NA,pycno
2020-09-26,07:50:00,4_1,4,3,1,D,pycno,72,3.2,yes,NA,pycno
2020-09-26,07:50:00,4_12,4,3,12,D,pycno,76,0,yes,NA,pycno
2020-09-26,07:50:00,4_11,4,3,11,D,pycno,64,0.6,yes,NA,pycno
2020-09-26,07:50:00,4_16,4,3,16,D,pycno,67,4.7,yes,NA,pycno
2020-09-26,13:45:00,4_6,4,4,6,E,empty,67,0,no,"visual measurement error gave negative number, changed to 0",empty
2020-09-26,13:45:00,4_14,4,4,14,E,empty,65,4.6,no,NA,empty
2020-09-26,13:45:00,4_5,4,4,5,E,empty,80,3.4,no,NA,empty
2020-09-26,13:45:00,4_18,4,4,18,E,empty,85,1.6,no,NA,empty
2020-09-26,13:45:00,4_4,4,4,4,E,empty,71,2.1,no,NA,empty
2020-09-26,13:45:00,4_15,4,4,15,E,empty,72,2.2,no,NA,empty
2020-09-26,13:45:00,4_2,4,4,2,E,empty,74,6.2,no,NA,empty
2020-09-26,13:45:00,4_7,4,4,7,D,pycno,58,1,yes,NA,pycno
2020-09-26,13:45:00,4_17,4,4,17,D,pycno,71,0.1,yes,NA,pycno
2020-09-26,13:45:00,4_10,4,4,10,D,pycno,62,0.6,yes,NA,pycno
2020-09-26,13:45:00,4_1,4,4,1,D,pycno,72,2.2,yes,NA,pycno
2020-09-26,13:45:00,4_12,4,4,12,D,pycno,76,0,yes,NA,pycno
2020-09-26,13:45:00,4_11,4,4,11,D,pycno,64,5.8,yes,NA,pycno
2020-09-26,13:45:00,4_16,4,4,16,D,pycno,67,0.9,yes,NA,pycno
2020-09-26,19:45:00,4_6,4,5,6,E,empty,67,0.1,no,NA,empty
2020-09-26,19:45:00,4_14,4,5,14,E,empty,65,6.1,no,NA,empty
2020-09-26,19:45:00,4_5,4,5,5,E,empty,80,4,no,NA,empty
2020-09-26,19:45:00,4_18,4,5,18,E,empty,85,0.2,no,NA,empty
2020-09-26,19:45:00,4_4,4,5,4,E,empty,71,6,no,NA,empty
2020-09-26,19:45:00,4_15,4,5,15,E,empty,72,0,no,NA,empty
2020-09-26,19:45:00,4_2,4,5,2,E,empty,74,5.1,no,NA,empty
2020-09-26,19:45:00,4_7,4,5,7,D,pycno,58,0,yes,NA,pycno
2020-09-26,19:45:00,4_17,4,5,17,D,pycno,71,1,yes,NA,pycno
2020-09-26,19:45:00,4_10,4,5,10,D,pycno,62,1.8,yes,NA,pycno
2020-09-26,19:45:00,4_1,4,5,1,D,pycno,72,1.1,yes,urchin had escaped,pycno
2020-09-26,19:45:00,4_12,4,5,12,D,pycno,76,0,yes,NA,pycno
2020-09-26,19:45:00,4_11,4,5,11,D,pycno,64,7.6,yes,NA,pycno
2020-09-26,19:45:00,4_16,4,5,16,D,pycno,67,2.1,yes,NA,pycno
2020-09-27,07:55:00,4_6,4,6,6,E,empty,67,0,no,NA,empty
2020-09-27,07:55:00,4_14,4,6,14,E,empty,65,7.3,no,NA,empty
2020-09-27,07:55:00,4_5,4,6,5,E,empty,80,4.6,no,NA,empty
2020-09-27,07:55:00,4_18,4,6,18,E,empty,85,0,no,"urchin had escaped, visual measurement error negative number changed to 0",empty
2020-09-27,07:55:00,4_4,4,6,4,E,empty,71,6.5,no,NA,empty
2020-09-27,07:55:00,4_15,4,6,15,E,empty,72,0,no,NA,empty
2020-09-27,07:55:00,4_2,4,6,2,E,empty,74,10.8,no,NA,empty
2020-09-27,07:55:00,4_7,4,6,7,D,pycno,58,1.2,yes,NA,pycno
2020-09-27,07:55:00,4_17,4,6,17,D,pycno,71,4,yes,NA,pycno
2020-09-27,07:55:00,4_10,4,6,10,D,pycno,62,6.8,yes,NA,pycno
2020-09-27,07:55:00,4_1,4,6,1,D,pycno,72,5,yes,NA,pycno
2020-09-27,07:55:00,4_12,4,6,12,D,pycno,76,0,yes,NA,pycno
2020-09-27,07:55:00,4_11,4,6,11,D,pycno,64,1.9,yes,NA,pycno
2020-09-27,07:55:00,4_16,4,6,16,D,pycno,67,5.2,yes,NA,pycno
2020-09-27,13:45:00,4_6,4,7,6,E,empty,67,0,no,NA,empty
2020-09-27,13:45:00,4_14,4,7,14,E,empty,65,2.1,no,NA,empty
2020-09-27,13:45:00,4_5,4,7,5,E,empty,80,2.4,no,NA,empty
2020-09-27,13:45:00,4_18,4,7,18,E,empty,85,0.3,no,NA,empty
2020-09-27,13:45:00,4_4,4,7,4,E,empty,71,5.1,no,NA,empty
2020-09-27,13:45:00,4_15,4,7,15,E,empty,72,0,no,NA,empty
2020-09-27,13:45:00,4_2,4,7,2,E,empty,74,6,no,NA,empty
2020-09-27,13:45:00,4_7,4,7,7,D,pycno,58,0,yes,NA,pycno
2020-09-27,13:45:00,4_17,4,7,17,D,pycno,71,3.4,yes,NA,pycno
2020-09-27,13:45:00,4_10,4,7,10,D,pycno,62,1.9,yes,NA,pycno
2020-09-27,13:45:00,4_1,4,7,1,D,pycno,72,2.1,yes,NA,pycno
2020-09-27,13:45:00,4_12,4,7,12,D,pycno,76,0,yes,NA,pycno
2020-09-27,13:45:00,4_11,4,7,11,D,pycno,64,0.6,yes,NA,pycno
2020-09-27,13:45:00,4_16,4,7,16,D,pycno,67,2.9,yes,NA,pycno
2020-09-27,19:40:00,4_6,4,8,6,E,empty,67,0,no,NA,empty
2020-09-27,19:40:00,4_14,4,8,14,E,empty,65,7.7,no,NA,empty
2020-09-27,19:40:00,4_5,4,8,5,E,empty,80,4,no,NA,empty
2020-09-27,19:40:00,4_18,4,8,18,E,empty,85,1.7,no,NA,empty
2020-09-27,19:40:00,4_4,4,8,4,E,empty,71,4.4,no,NA,empty
2020-09-27,19:40:00,4_15,4,8,15,E,empty,72,0,no,NA,empty
2020-09-27,19:40:00,4_2,4,8,2,E,empty,74,7,no,NA,empty
2020-09-27,19:40:00,4_7,4,8,7,D,pycno,58,0.1,yes,NA,pycno
2020-09-27,19:40:00,4_17,4,8,17,D,pycno,71,1.2,yes,NA,pycno
2020-09-27,19:40:00,4_10,4,8,10,D,pycno,62,0.6,yes,NA,pycno
2020-09-27,19:40:00,4_1,4,8,1,D,pycno,72,2.1,yes,NA,pycno
2020-09-27,19:40:00,4_12,4,8,12,D,pycno,76,0,yes,NA,pycno
2020-09-27,19:40:00,4_11,4,8,11,D,pycno,64,4.6,yes,NA,pycno
2020-09-27,19:40:00,4_16,4,8,16,D,pycno,67,5.6,yes,NA,pycno
2020-09-28,07:40:00,4_6,4,9,6,E,empty,67,0.8,no,NA,empty
2020-09-28,07:40:00,4_14,4,9,14,E,empty,65,9.3,no,NA,empty
2020-09-28,07:40:00,4_5,4,9,5,E,empty,80,5.9,no,NA,empty
2020-09-28,07:40:00,4_18,4,9,18,E,empty,85,1.2,no,NA,empty
2020-09-28,07:40:00,4_4,4,9,4,E,empty,71,5.3,no,NA,empty
2020-09-28,07:40:00,4_15,4,9,15,E,empty,72,0,no,NA,empty
2020-09-28,07:40:00,4_2,4,9,2,E,empty,74,10.7,no,NA,empty
2020-09-28,07:40:00,4_7,4,9,7,D,pycno,58,2.3,yes,NA,pycno
2020-09-28,07:40:00,4_17,4,9,17,D,pycno,71,1.1,yes,NA,pycno
2020-09-28,07:40:00,4_10,4,9,10,D,pycno,62,6.1,yes,NA,pycno
2020-09-28,07:40:00,4_1,4,9,1,D,pycno,72,3,yes,NA,pycno
2020-09-28,07:40:00,4_12,4,9,12,D,pycno,76,0,yes,NA,pycno
2020-09-28,07:40:00,4_11,4,9,11,D,pycno,64,1.5,yes,NA,pycno
2020-09-28,07:40:00,4_16,4,9,16,D,pycno,67,6.2,yes,NA,pycno
2020-09-29,11:20:00,5_18,5,0,18,D,empty,62,0,no,NA,empty
2020-09-29,11:20:00,5_1,5,0,1,D,empty,69,0,no,NA,empty
2020-09-29,11:20:00,5_10,5,0,10,D,empty,57,0,no,NA,empty
2020-09-29,11:20:00,5_7,5,0,7,D,empty,66,0,no,NA,empty
2020-09-29,11:20:00,5_5,5,0,5,D,empty,69,0,no,NA,empty
2020-09-29,11:20:00,5_15,5,0,15,D,empty,66,0,no,NA,empty
2020-09-29,11:20:00,5_11,5,0,11,D,empty,61,0,no,NA,empty
2020-09-29,11:20:00,5_13,5,0,13,E,pycno,75,0,yes,NA,pycno
2020-09-29,11:20:00,5_6,5,0,6,E,pycno,71,0,yes,NA,pycno
2020-09-29,11:20:00,5_4,5,0,4,E,pycno,70,0,yes,NA,pycno
2020-09-29,11:20:00,5_17,5,0,17,E,pycno,66,0,yes,NA,pycno
2020-09-29,11:20:00,5_16,5,0,16,E,pycno,56,0,yes,NA,pycno
2020-09-29,11:20:00,5_2,5,0,2,E,pycno,81,0,yes,NA,pycno
2020-09-29,11:20:00,5_14,5,0,14,E,pycno,66,0,yes,NA,pycno
2020-09-29,13:45:00,5_18,5,1,18,D,empty,62,3.1,no,NA,empty
2020-09-29,13:45:00,5_1,5,1,1,D,empty,69,2.3,no,NA,empty
2020-09-29,13:45:00,5_10,5,1,10,D,empty,57,3.6,no,NA,empty
2020-09-29,13:45:00,5_7,5,1,7,D,empty,66,1.7,no,NA,empty
2020-09-29,13:45:00,5_5,5,1,5,D,empty,69,0.9,no,NA,empty
2020-09-29,13:45:00,5_15,5,1,15,D,empty,66,2.7,no,NA,empty
2020-09-29,13:45:00,5_11,5,1,11,D,empty,61,1.6,no,NA,empty
2020-09-29,13:45:00,5_13,5,1,13,E,pycno,75,0.2,yes,NA,pycno
2020-09-29,13:45:00,5_6,5,1,6,E,pycno,71,1.3,yes,NA,pycno
2020-09-29,13:45:00,5_4,5,1,4,E,pycno,70,2.3,yes,NA,pycno
2020-09-29,13:45:00,5_17,5,1,17,E,pycno,66,0,yes,NA,pycno
2020-09-29,13:45:00,5_16,5,1,16,E,pycno,56,1,yes,NA,pycno
2020-09-29,13:45:00,5_2,5,1,2,E,pycno,81,0,yes,NA,pycno
2020-09-29,13:45:00,5_14,5,1,14,E,pycno,66,2.6,yes,NA,pycno
2020-09-29,19:50:00,5_18,5,2,18,D,empty,62,6.6,no,NA,empty
2020-09-29,19:50:00,5_1,5,2,1,D,empty,69,7,no,NA,empty
2020-09-29,19:50:00,5_10,5,2,10,D,empty,57,1.8,no,NA,empty
2020-09-29,19:50:00,5_7,5,2,7,D,empty,66,4.5,no,NA,empty
2020-09-29,19:50:00,5_5,5,2,5,D,empty,69,2.3,no,NA,empty
2020-09-29,19:50:00,5_15,5,2,15,D,empty,66,5.4,no,NA,empty
2020-09-29,19:50:00,5_11,5,2,11,D,empty,61,1.7,no,NA,empty
2020-09-29,19:50:00,5_13,5,2,13,E,pycno,75,0.1,yes,NA,pycno
2020-09-29,19:50:00,5_6,5,2,6,E,pycno,71,0.7,yes,NA,pycno
2020-09-29,19:50:00,5_4,5,2,4,E,pycno,70,0.9,yes,NA,pycno
2020-09-29,19:50:00,5_17,5,2,17,E,pycno,66,0.2,yes,NA,pycno
2020-09-29,19:50:00,5_16,5,2,16,E,pycno,56,1.2,yes,NA,pycno
2020-09-29,19:50:00,5_2,5,2,2,E,pycno,81,0,yes,NA,pycno
2020-09-29,19:50:00,5_14,5,2,14,E,pycno,66,4.2,yes,NA,pycno
2020-09-30,07:50:00,5_18,5,3,18,D,empty,62,3.3,no,NA,empty
2020-09-30,07:50:00,5_1,5,3,1,D,empty,69,7.1,no,NA,empty
2020-09-30,07:50:00,5_10,5,3,10,D,empty,57,1,no,NA,empty
2020-09-30,07:50:00,5_7,5,3,7,D,empty,66,1,no,NA,empty
2020-09-30,07:50:00,5_5,5,3,5,D,empty,69,0.4,no,NA,empty
2020-09-30,07:50:00,5_15,5,3,15,D,empty,66,1.8,no,NA,empty
2020-09-30,07:50:00,5_11,5,3,11,D,empty,61,3.6,no,NA,empty
2020-09-30,07:50:00,5_13,5,3,13,E,pycno,75,0,yes,NA,pycno
2020-09-30,07:50:00,5_6,5,3,6,E,pycno,71,0,yes,"visual measurement error gave negative number, changed to 0",pycno
2020-09-30,07:50:00,5_4,5,3,4,E,pycno,70,0,yes,"visual measurement error gave negative number, changed to 0",pycno
2020-09-30,07:50:00,5_17,5,3,17,E,pycno,66,0,yes,NA,pycno
2020-09-30,07:50:00,5_16,5,3,16,E,pycno,56,0.4,yes,urchin had escaped,pycno
2020-09-30,07:50:00,5_2,5,3,2,E,pycno,81,0,yes,NA,pycno
2020-09-30,07:50:00,5_14,5,3,14,E,pycno,66,2.3,yes,NA,pycno
2020-09-30,13:50:00,5_18,5,4,18,D,empty,62,3.7,no,NA,empty
2020-09-30,13:50:00,5_1,5,4,1,D,empty,69,5.1,no,NA,empty
2020-09-30,13:50:00,5_10,5,4,10,D,empty,57,0.1,no,NA,empty
2020-09-30,13:50:00,5_7,5,4,7,D,empty,66,1.7,no,NA,empty
2020-09-30,13:50:00,5_5,5,4,5,D,empty,69,2.9,no,NA,empty
2020-09-30,13:50:00,5_15,5,4,15,D,empty,66,4.1,no,NA,empty
2020-09-30,13:50:00,5_11,5,4,11,D,empty,61,2.5,no,swapped shredded pieces for whole equivalents,empty
2020-09-30,13:50:00,5_13,5,4,13,E,pycno,75,0,yes,NA,pycno
2020-09-30,13:50:00,5_6,5,4,6,E,pycno,71,0,yes,NA,pycno
2020-09-30,13:50:00,5_4,5,4,4,E,pycno,70,0.7,yes,NA,pycno
2020-09-30,13:50:00,5_17,5,4,17,E,pycno,66,0.2,yes,NA,pycno
2020-09-30,13:50:00,5_16,5,4,16,E,pycno,56,3.2,yes,NA,pycno
2020-09-30,13:50:00,5_2,5,4,2,E,pycno,81,0,yes,NA,pycno
2020-09-30,13:50:00,5_14,5,4,14,E,pycno,66,0.3,yes,swapped shredded pieces for whole equivalents,pycno
2020-09-30,19:50:00,5_18,5,5,18,D,empty,62,0.7,no,NA,empty
2020-09-30,19:50:00,5_1,5,5,1,D,empty,69,3.4,no,NA,empty
2020-09-30,19:50:00,5_10,5,5,10,D,empty,57,1.7,no,NA,empty
2020-09-30,19:50:00,5_7,5,5,7,D,empty,66,2.2,no,NA,empty
2020-09-30,19:50:00,5_5,5,5,5,D,empty,69,0,no,"visual measurement error gave negative number, changed to 0",empty
2020-09-30,19:50:00,5_15,5,5,15,D,empty,66,5.9,no,NA,empty
2020-09-30,19:50:00,5_11,5,5,11,D,empty,61,3.8,no,NA,empty
2020-09-30,19:50:00,5_13,5,5,13,E,pycno,75,0.7,yes,NA,pycno
2020-09-30,19:50:00,5_6,5,5,6,E,pycno,71,0.1,yes,NA,pycno
2020-09-30,19:50:00,5_4,5,5,4,E,pycno,70,2.9,yes,NA,pycno
2020-09-30,19:50:00,5_17,5,5,17,E,pycno,66,0.6,yes,NA,pycno
2020-09-30,19:50:00,5_16,5,5,16,E,pycno,56,0.8,yes,NA,pycno
2020-09-30,19:50:00,5_2,5,5,2,E,pycno,81,0,yes,NA,pycno
2020-09-30,19:50:00,5_14,5,5,14,E,pycno,66,2.4,yes,NA,pycno
2020-10-01,07:55:00,5_18,5,6,18,D,empty,62,3.8,no,NA,empty
2020-10-01,07:55:00,5_1,5,6,1,D,empty,69,4.9,no,NA,empty
2020-10-01,07:55:00,5_10,5,6,10,D,empty,57,3.4,no,NA,empty
2020-10-01,07:55:00,5_7,5,6,7,D,empty,66,3.3,no,NA,empty
2020-10-01,07:55:00,5_5,5,6,5,D,empty,69,4.1,no,NA,empty
2020-10-01,07:55:00,5_15,5,6,15,D,empty,66,4,no,NA,empty
2020-10-01,07:55:00,5_11,5,6,11,D,empty,61,7.3,no,NA,empty
2020-10-01,07:55:00,5_13,5,6,13,E,pycno,75,0.2,yes,NA,pycno
2020-10-01,07:55:00,5_6,5,6,6,E,pycno,71,0.4,yes,NA,pycno
2020-10-01,07:55:00,5_4,5,6,4,E,pycno,70,2.8,yes,NA,pycno
2020-10-01,07:55:00,5_17,5,6,17,E,pycno,66,1.6,yes,NA,pycno
2020-10-01,07:55:00,5_16,5,6,16,E,pycno,56,2.7,yes,urchin had escaped,pycno
2020-10-01,07:55:00,5_2,5,6,2,E,pycno,81,0,yes,NA,pycno
2020-10-01,07:55:00,5_14,5,6,14,E,pycno,66,0,yes,"visual measurement error gave negative number, changed to 0",pycno
2020-10-01,13:45:00,5_18,5,7,18,D,empty,62,3.1,no,NA,empty
2020-10-01,13:45:00,5_1,5,7,1,D,empty,69,7.9,no,NA,empty
2020-10-01,13:45:00,5_10,5,7,10,D,empty,57,0,no,"visual measurement error gave negative number, changed to 0",empty
2020-10-01,13:45:00,5_7,5,7,7,D,empty,66,2.3,no,NA,empty
2020-10-01,13:45:00,5_5,5,7,5,D,empty,69,1.1,no,NA,empty
2020-10-01,13:45:00,5_15,5,7,15,D,empty,66,3.3,no,NA,empty
2020-10-01,13:45:00,5_11,5,7,11,D,empty,61,0.8,no,NA,empty
2020-10-01,13:45:00,5_13,5,7,13,E,pycno,75,0,yes,NA,pycno
2020-10-01,13:45:00,5_6,5,7,6,E,pycno,71,0,yes,"visual measurement error gave negative number, changed to 0",pycno
2020-10-01,13:45:00,5_4,5,7,4,E,pycno,70,0.4,yes,NA,pycno
2020-10-01,13:45:00,5_17,5,7,17,E,pycno,66,2.5,yes,NA,pycno
2020-10-01,13:45:00,5_16,5,7,16,E,pycno,56,1.1,yes,NA,pycno
2020-10-01,13:45:00,5_2,5,7,2,E,pycno,81,0.2,yes,NA,pycno
2020-10-01,13:45:00,5_14,5,7,14,E,pycno,66,5.5,yes,NA,pycno
2020-10-01,19:45:00,5_18,5,8,18,D,empty,62,3.4,no,NA,empty
2020-10-01,19:45:00,5_1,5,8,1,D,empty,69,3,no,NA,empty
2020-10-01,19:45:00,5_10,5,8,10,D,empty,57,0,no,"visual measurement error gave negative number, changed to 0",empty
2020-10-01,19:45:00,5_7,5,8,7,D,empty,66,3.3,no,NA,empty
2020-10-01,19:45:00,5_5,5,8,5,D,empty,69,0.8,no,NA,empty
2020-10-01,19:45:00,5_15,5,8,15,D,empty,66,5.3,no,NA,empty
2020-10-01,19:45:00,5_11,5,8,11,D,empty,61,3,no,NA,empty
2020-10-01,19:45:00,5_13,5,8,13,E,pycno,75,0.1,yes,NA,pycno
2020-10-01,19:45:00,5_6,5,8,6,E,pycno,71,0.3,yes,NA,pycno
2020-10-01,19:45:00,5_4,5,8,4,E,pycno,70,2.3,yes,NA,pycno
2020-10-01,19:45:00,5_17,5,8,17,E,pycno,66,2.2,yes,NA,pycno
2020-10-01,19:45:00,5_16,5,8,16,E,pycno,56,2.4,yes,NA,pycno
2020-10-01,19:45:00,5_2,5,8,2,E,pycno,81,0,yes,NA,pycno
2020-10-01,19:45:00,5_14,5,8,14,E,pycno,66,7.8,yes,NA,pycno
2020-10-02,07:55:00,5_18,5,9,18,D,empty,62,0,no,NA,empty
2020-10-02,07:55:00,5_1,5,9,1,D,empty,69,4,no,NA,empty
2020-10-02,07:55:00,5_10,5,9,10,D,empty,57,4.4,no,NA,empty
2020-10-02,07:55:00,5_7,5,9,7,D,empty,66,2.8,no,NA,empty
2020-10-02,07:55:00,5_5,5,9,5,D,empty,69,1.9,no,NA,empty
2020-10-02,07:55:00,5_15,5,9,15,D,empty,66,3.6,no,NA,empty
2020-10-02,07:55:00,5_11,5,9,11,D,empty,61,8.1,no,NA,empty
2020-10-02,07:55:00,5_13,5,9,13,E,pycno,75,2.9,yes,NA,pycno
2020-10-02,07:55:00,5_6,5,9,6,E,pycno,71,0,yes,"visual measurement error gave negative number, changed to 0",pycno
2020-10-02,07:55:00,5_4,5,9,4,E,pycno,70,6.7,yes,NA,pycno
2020-10-02,07:55:00,5_17,5,9,17,E,pycno,66,2.9,yes,NA,pycno
2020-10-02,07:55:00,5_16,5,9,16,E,pycno,56,2,yes,NA,pycno
2020-10-02,07:55:00,5_2,5,9,2,E,pycno,81,0.1,yes,NA,pycno
2020-10-02,07:55:00,5_14,5,9,14,E,pycno,66,4.3,yes,NA,pycno
